{
  "sharpe_is": 1.6144867946934776,
  "max_drawdown": -0.057237878614030964,
  "calmar_ratio": 1.3288142319928198,
  "n_rebalances_is": 192,
  "warmup_days_excluded": 252,
  "statistical_warning": "IS Sharpe has insufficient statistical power for strategy adoption decisions. ~17 years IS, monthly rebalancing on 3 assets = O(200) rebalances. Not a decision criterion.",
  "subperiod_sharpes": {
    "2005-08": 1.4948970223055127,
    "2009-13": 1.7334465693365957,
    "2014-18": 1.1831353228299735,
    "2019-21": 2.211523006700637
  },
  "asset_attribution": {
    "GLD": 0.000334207149823134,
    "SPY": 0.0003630903136491992,
    "TLT": 0.0002081609616634023
  }
}